{"metadata":{"asset_id":"3c8f4862-a9e3-42fa-b938-6cf40bebba8c","asset_attributes":["data_asset"],"name":"datasets.csv","asset_type":"data_asset","created_at":"2020-10-17T13:37:07Z","description":"","origin_country":"us","owner_id":"IBMid-5500091WPX","project_id":"5d10e686-c4ab-4c14-8bc2-42f8dca9fefa","size":23873,"tags":[],"usage":{"last_update_time":1602941829897,"last_updated_at":"2020-10-17T13:37:09Z"}},"entity":{"data_asset":{"mime_type":"text/csv","dataset":false}},"attachments":[{"id":"88984a67-68eb-4288-8ba0-7d52829e1ba2","version":2,"asset_type":"data_asset","name":"datasets.csv","mime":"text/csv","datasource_type":"193a97c1-4475-4a19-b90c-295c4fdc6517","object_key":"datasets.csv","creator_id":"IBMid-5500091WPX","create_time":1602941829897,"size":23873,"is_remote":false,"is_managed":false,"is_referenced":true,"is_object_key_read_only":true,"is_user_provided_path_key":true,"transfer_complete":true,"is_partitioned":false,"complete_time_ticks":1602941829897,"user_data":{},"test_doc":0,"handle":{"bucket":"diabetics-donotdelete-pr-wgfzkczdu1b1rj","location":"us-geo","key":"datasets.csv","upload_id":"done","max_part_num":1},"usage":{"access_count":0,"last_accessor_id":"IBMid-5500091WPX","last_access_time":1602941829897}}]}
