{"metadata":{"asset_id":"b2150f0e-9363-41ba-99a6-2b628eea80d2","asset_attributes":["wml_model"],"name":"Dia - P4 GradientBoostingClassifierEstimator","asset_type":"wml_model","created_at":"2020-10-17T13:48:58Z","description":"","origin_country":"us","owner_id":"IBMid-5500091WPX","project_id":"5d10e686-c4ab-4c14-8bc2-42f8dca9fefa","sandbox_id":"5d10e686-c4ab-4c14-8bc2-42f8dca9fefa","size":30644,"tags":[],"usage":{"last_update_time":1602942549028,"last_updated_at":"2020-10-17T13:49:09Z"}},"entity":{"wml_model":{"hybrid_pipeline_software_specs":[{"base_id":"632d4b22-10aa-5180-88f0-f52dfb6444d7","name":"autoai-kb_3.1-py3.7"}],"pipeline":{"id":"92da76a6-5bb6-42c8-ab99-a6662dc4ae70"},"ml_version":"4.0.1","type":"wml-hybrid_0.1","schemas":{"input":[{"fields":[{"name":"Pregnancies","type":"integer"},{"name":"Glucose","type":"integer"},{"name":"BloodPressure","type":"integer"},{"name":"SkinThickness","type":"integer"},{"name":"Insulin","type":"integer"},{"name":"BMI","type":"double"},{"name":"DiabetesPedigreeFunction","type":"double"},{"name":"Age","type":"integer"}],"id":"auto_ai_kb_input_schema"}],"output":[]},"content_location":{"connection":{"access_key_id":"7574c4840d404d65bec2716d11ed648d","endpoint_url":"https://s3-api.us-geo.objectstorage.softlayer.net","secret_access_key":"5b2ddf8a3f9fdd6838e58334e12f3a0355e786851ed47a36","accessKeyId":"7574c4840d404d65bec2716d11ed648d"},"contents":[{"content_format":"native","file_name":"pipeline_model.json","location":"auto_ml/4f65d9f0-eb29-453d-b6fc-3eb219a17d20/wml_data/d1f27c13-40d8-4bb4-998c-052a73c23b7c/assets/d1f27c13-40d8-4bb4-998c-052a73c23b7c_P4_hpo_c_output/resources/wml_model/pipeline_model.json"},{"content_format":"pipeline-node","file_name":"P4_automl.zip","location":"auto_ml/4f65d9f0-eb29-453d-b6fc-3eb219a17d20/wml_data/d1f27c13-40d8-4bb4-998c-052a73c23b7c/assets/d1f27c13-40d8-4bb4-998c-052a73c23b7c_P4_hpo_c_output/resources/wml_model/P4_automl.zip","pipeline_node_id":"automl"},{"content_format":"native","file_name":"pipeline_model.json","location":"auto_ml/4f65d9f0-eb29-453d-b6fc-3eb219a17d20/wml_data/d1f27c13-40d8-4bb4-998c-052a73c23b7c/assets/d1f27c13-40d8-4bb4-998c-052a73c23b7c_P4_hpo_c_output/resources/wml_model/pipeline_model.json"}],"location":{"path":"auto_ml/4f65d9f0-eb29-453d-b6fc-3eb219a17d20/wml_data","training":"auto_ml/4f65d9f0-eb29-453d-b6fc-3eb219a17d20/wml_data/d1f27c13-40d8-4bb4-998c-052a73c23b7c","training_status":"auto_ml/4f65d9f0-eb29-453d-b6fc-3eb219a17d20/wml_data/d1f27c13-40d8-4bb4-998c-052a73c23b7c/training-status.json","bucket":"diabetics-donotdelete-pr-wgfzkczdu1b1rj","type":"s3","assets_path":"auto_ml/4f65d9f0-eb29-453d-b6fc-3eb219a17d20/wml_data/d1f27c13-40d8-4bb4-998c-052a73c23b7c/assets"},"type":"s3"},"training_data_references":[{"connection":{"endpoint_url":"https://s3-api.us-geo.objectstorage.softlayer.net","auth_endpoint":"https://iam.bluemix.net/oidc/token/","api_key":"dgSCE1FowT_l6Wt8xpnfGKS2fOh9e6Kq6Y2cP4oXsVMe","secret_access_key":"5b2ddf8a3f9fdd6838e58334e12f3a0355e786851ed47a36","access_key_id":"7574c4840d404d65bec2716d11ed648d","service_instance_id":"iam-ServiceId-acc67468-6143-4186-b60e-6c044b2c9b1d"},"location":{"bucket":"diabetics-donotdelete-pr-wgfzkczdu1b1rj","path":"datasets.csv","type":"s3"},"type":"s3"}],"software_spec":{"base_id":"8c1a58c6-62b5-4dc4-987a-df751c2756b6","name":"hybrid_0.1"},"content_import_state":"completed"}},"attachments":[{"id":"62512a9e-52f6-4cc6-9a15-b104bbde454d","version":2,"asset_type":"wml_model","name":"P4_automl.zip","datasource_type":"193a97c1-4475-4a19-b90c-295c4fdc6517","creator_id":"IBMid-5500091WPX","create_time":1602942542758,"size":29140,"is_remote":false,"is_managed":true,"is_referenced":false,"is_object_key_read_only":false,"is_user_provided_path_key":false,"transfer_complete":true,"is_partitioned":false,"complete_time_ticks":1602942544248,"user_data":{"content_format":"pipeline-node","pipeline_node_id":"automl"},"test_doc":0,"handle":{"bucket":"diabetics-donotdelete-pr-wgfzkczdu1b1rj","location":"us-geo","type":"bluemix_cos","key":"f753c54f-d806-4b21-9a58-36d460d4066a/b2150f0e-9363-41ba-99a6-2b628eea80d2/62512a9e-52f6-4cc6-9a15-b104bbde454d","upload_id":"done","max_part_num":1},"usage":{"access_count":0,"last_accessor_id":"IBMid-5500091WPX","last_access_time":1602942542758}},{"id":"48ad44cf-a375-4022-b783-f2baa59d661c","version":2,"asset_type":"wml_model","name":"pipeline_model.json","datasource_type":"193a97c1-4475-4a19-b90c-295c4fdc6517","creator_id":"IBMid-5500091WPX","create_time":1602942545873,"size":1504,"is_remote":false,"is_managed":true,"is_referenced":false,"is_object_key_read_only":false,"is_user_provided_path_key":false,"transfer_complete":true,"is_partitioned":false,"complete_time_ticks":1602942548845,"user_data":{"content_format":"native"},"test_doc":0,"handle":{"bucket":"diabetics-donotdelete-pr-wgfzkczdu1b1rj","location":"us-geo","type":"bluemix_cos","key":"f753c54f-d806-4b21-9a58-36d460d4066a/b2150f0e-9363-41ba-99a6-2b628eea80d2/48ad44cf-a375-4022-b783-f2baa59d661c","upload_id":"done","max_part_num":1},"usage":{"access_count":0,"last_accessor_id":"IBMid-5500091WPX","last_access_time":1602942545873}}]}
