{"metadata":{"asset_id":"92da76a6-5bb6-42c8-ab99-a6662dc4ae70","asset_attributes":["wml_pipeline"],"name":"Dia","asset_type":"wml_pipeline","created_at":"2020-10-17T13:38:02Z","description":"","origin_country":"us","owner_id":"IBMid-5500091WPX","project_id":"5d10e686-c4ab-4c14-8bc2-42f8dca9fefa","sandbox_id":"5d10e686-c4ab-4c14-8bc2-42f8dca9fefa","size":0,"tags":["dsx-project.5d10e686-c4ab-4c14-8bc2-42f8dca9fefa"],"usage":{"last_update_time":1602941882658,"last_updated_at":"2020-10-17T13:38:02Z"}},"entity":{"wml_pipeline":{"document":{"doc_type":"pipeline","pipelines":[{"id":"autoai","nodes":[{"id":"automl","op":"kube","parameters":{"input_file_separator":",","optimization":{"compute_pipeline_notebooks_flag":true,"daub_adaptive_subsampling_max_mem_usage":15000000000,"holdout_param":0.1,"label":"Outcome","learning_type":"classification","max_num_daub_ensembles":2,"positive_label":1,"run_cognito_flag":true,"scorer_for_ranking":"accuracy"},"output_logs":true,"stage_flag":true},"runtime_ref":"autoai","type":"execution_node"}],"runtime_ref":"hybrid"}],"primary_pipeline":"autoai","runtimes":[{"app_data":{"wml_data":{"hardware_spec":{"base_id":"a6c4923b-b8e4-444c-9f43-8a7ec3020110","name":"L"}}},"id":"autoai","name":"auto_ai.kb"}],"version":"2.0"},"ml_version":"4.0.0"}}}
